{
  "CAPC": {
    "Latitude": 38.49346,
    "Longitude": -122.02847
  },
  "WAPT": {
    "Cnt_dt": "2025-12-20"
  }
}
